NAME,ACCOUNT
Adams Township School District,AdamsTownshipSchools
Addison Community Schools,addisonschools
Adrian City School District,not found
Airport Community School District,Airport-Community-Schools-175339412505419
Akron-Fairgrove Schools,akronfairgrovehs
Alanson Public Schools,alansonpublicschools
Alba Public Schools,not found
Albion Public Schools,not found
Alcona Community Schools,alconaschools
Algonac Community School District,ACSK12
Allegan Public Schools,alleganps
Allen Park Public Schools,AllenParkPublicSchools
Allendale Public School District,allendalepublicschools
Alma Public Schools,not found
Almont Community Schools,almontschools.org
Alpena Public Schools,alpenapublicschools
Anchor Bay School District,not found
Ann Arbor Public Schools,AnnArborPublicSchools
Arenac Eastern School District,not found
Armada Area Schools,Armada-Area-Schools-1661976960705167
Ashley Community Schools,AshleyCommunitySchools
Athens Area Schools,athensk12.org
Atherton Community Schools,AthertonCommunitySchools
Atlanta Community Schools,Atlanta-Community-Schools-865084413527629
Au Gres-Sims School District,AuGresSimsSchoolDistrict
Avondale School District,avondaleschooldistrict
Bad Axe Public Schools,Bad-Axe-Public-Schools-196645920473186
Baldwin Community Schools,Baldwin.Community.Schools
Bangor Public Schools,not found
Bangor Township Schools,Bangor-Township-Schools-772679662905130
Baraga Area Schools,BaragaAreaSchools
Bark River-Harris School District,not found
Bath Community Schools,not found
Battle Creek Public Schools,bcpsbearcats
Bay City School District,BayCityPublicSchools
Beal City Public Schools,not found
Bear Lake School District,not found
Beaver Island Community School,BeaverIslandCommunitySchool
Beaverton Rural Schools,not found
Bedford Public Schools,bedford.public.schools
Beecher Community School District,The-Official-Site-of-Beecher-High-School-159177247495548
Belding Area School District,BeldingSchools
Bellaire Public Schools,not found
Bellevue Community Schools,not found
Bendle Public Schools,not found
Bentley Community Schools,bentleyschools
Benton Harbor Area Schools,BentonHarborAreaSchools
Benzie County Central School,benzieschools
Berkley School District,berkleyschools
Berrien Springs Public Schools,berrienspringspublicschools
Bessemer Area School District,BessemerAreaSchools
Big Bay de Noc School District,bigbayschool
Big Rapids Public Schools,brps.facebk
Birch Run Area School District,birchrunhs
Birmingham City School District,not found
Blissfield Community Schools,not found
Bloomfield Hills School District,not found
Bloomingdale Public School District,bloomingdalepublicschools
Boyne City Public Schools,Boynetough
Boyne Falls Public School District,boynefallspublicschool
Brandon School District,brandonschooldistrict
Brandywine Public School District,not found
Breckenridge Community Schools,Breckenridge-Community-Schools-691994270900150
Breitung Township Schools,breitungtownshipschools
Bridgeport-Spaulding Community School District,not found
Bridgman Public Schools,Bridgmanpublicschools
Brighton Area Schools,BrightonK12
Brimley Area Schools,Brimley-Area-Schools-306638942819985
Britton-Macon Area School District,not found
Bronson Community School District,Bronson.Michigan
Brown City Community School District,browncityschools
Buchanan Community School District,Buchanan-Community-Schools-161187257245375
Buckley Community School District,not found
Buena Vista School District,Buena-Vista-School-District-211428855652491
Bullock Creek School District,not found
Burr Oak Community School District,burroakcs
Burt Township School District,GrandMaraisSchools
Byron Area Schools,ByronAreaSchools
Byron Center Public Schools,not found
Cadillac Area Public Schools,cadillacschools
Caledonia Community Schools,calschools
Calumet Public Schools,The-Official-Calumet-High-School-184286161606795
Camden-Frontier School District,camdenfrontierschools
Capac Community School District,Capac-Community-Schools-189983021016916
Carman-Ainsworth Community School District,CarmanAinsworthCS
Carney-Nadeau Public Schools,Carney-Nadeau-Public-School-News-221750321216642
Caro Community Schools,Caro-Community-Schools-122564704485504
Carrollton School District,
Carson City-Crystal Area School District,
Carsonville-Port Sanilac School District,
Caseville Public Schools,
Cass City Public Schools,
Cassopolis Public Schools,CassopolisSchools
Cedar Springs Public Schools,
Center Line Public Schools,
Central Lake Public Schools,
Central Montcalm Public Schools,
Centreville Public Schools,
Charlevoix Public Schools,
Charlotte Public Schools,
Chassell Township School District,
Cheboygan Area Schools,
Chelsea School District,
Chesaning Union Schools,
Chippewa Hills School District,
Chippewa Valley Schools,
Clare Public Schools,
Clarenceville School District,
Clarkston Community School District,
Clawson City School District,
Climax-Scotts Community School District,
Clinton Community Schools,
Clintondale Community Schools,
Clio Area School District,
Coldwater Community Schools,
Coleman Community School District,
Coloma Community Schools,
Colon Community School District,
Columbia School District,
Comstock Park Public Schools,
Comstock Public Schools,
Concord Community Schools,
Constantine Public School District,
Coopersville Public School District,
Corunna Public School District,
Covert Public Schools,
Crawford AuSable Schools,
Crestwood School District,@CSDSuper
Croswell-Lexington Community School District,
Dansville Schools,
Davison Community Schools,
Dearborn City School District,
Dearborn Heights School District 7,
Decatur Public Schools,
Deckerville Community School District,
Deerfield Public Schools,
Delton-Kellogg School District,
DeTour Area Schools,
Detroit City School District,
DeWitt Public Schools,
Dexter Community School District,
Dollar Bay-Tamarack City Area Schools,
Dowagiac Union Schools,
Dryden Community Schools,
Dundee Community Schools,
Durand Area Schools,
East China School District,
East Detroit Public Schools,
East Grand Rapids Public School District,
East Jackson Community Schools,
East Jordan Public Schools,
East Lansing School District,
Eaton Rapids Public Schools,
Eau Claire Public Schools,
Ecorse Public School District,
Edwardsburg Public Schools,
Elk Rapids Schools,
Elkton-Pigeon-Bay Port Schools,
Ellsworth Community Schools,
Engadine Consolidated Schools,
Escanaba Area Public Schools,
Essexville-Hampton Public Schools,
Evart Public Schools,
Ewen-Trout Creek Consolidated Schools,not found
Fairview Area School District,
Farmington Public School District,
Farwell Area Schools,
Fennville Public Schools,
Fenton Area Public Schools,
Ferndale Public Schools,
Fitzgerald Public Schools,
Flat Rock Community Schools,
Flint City School District,
Flushing Community Schools,
Forest Area Community Schools,
Forest Hills Public Schools,
Forest Park School District,
Fowler Public Schools,
Fowlerville Community Schools,
Frankenmuth School District,
Frankfort-Elberta Area Schools,
Fraser Public Schools,
Free Soil Community Schools,
Freeland Community School District,
Fremont Public School District,
Fruitport Community Schools,
Fulton Schools,
Galesburg-Augusta Community School District,
Galien Township School District,
Garden City School District,
Gaylord Community Schools,
Genesee School District,
Gerrish-Higgins School District,
Gibraltar School District,
Gladstone Area Schools,
Gladwin Community Schools,
Glen Lake Community Schools,
Gobles Public School District,
Godfrey-Lee Public Schools,
Godwin Heights Public Schools,
Goodrich Area Schools,
Grand Blanc Community Schools,
Grand Haven Area Public Schools,
Grand Ledge Public Schools,
Grand Rapids Public Schools,
Grandville Public Schools,
Grant Public School District,
Grass Lake Community Schools,
Greenville Public Schools,
Grosse Ile Township Schools,
Grosse Pointe Public Schools,
Gull Lake Community Schools,
Gwinn Area Community Schools,
Hale Area Schools,
Hamilton Community Schools,
Hamtramck Public Schools,
Hancock Public Schools,
Hanover-Horton Schools,
Harbor Beach Community Schools,@HBPirates
Harbor Springs School District,
Harper Creek Community Schools,
Harper Woods City Schools,
Harrison Community Schools,
Hart Public School District,
Hartford Public School District,
Hartland Consolidated Schools,
Haslett Public Schools,
Hastings Area School District,
Hazel Park City School District,
Hemlock Public School District,
Hesperia Community Schools,
Highland Park City Schools,
Hillman Community Schools,
Hillsdale Community Schools,
Holland City School District,
Holly Area School District,
Holt Public Schools,
Holton Public Schools,
Homer Community Schools,
Hopkins Public Schools,
Houghton Lake Community School District,
Houghton-Portage Township Schools,
Howell Public Schools,
Hudson Area Schools,
Hudsonville Public School District,
Huron School District,
Huron Valley Schools,
Ida Public School District,
Imlay City Community Schools,
Inkster City School District,
Inland Lakes Schools,
Ionia Public Schools,
Iron Mountain Public Schools,
Ironwood Area Schools,
Ishpeming Public School District,
Ithaca Public Schools,
Jackson Public Schools,
Jefferson Schools,
Jenison Public Schools,
Johannesburg-Lewiston Area School District,
Jonesville Community Schools,
Kalamazoo Public School District,
Kaleva Norman Dickson School District,
Kalkaska Public Schools,
Kearsley Community Schools,
Kelloggsville Public Schools,
Kenowa Hills Public Schools,
Kent City Community Schools,
Kentwood Public Schools,
Kingsley Area Schools,
Kingston Community School District,
L'Anse Area Schools,
L'Anse Creuse Public Schools,
Laingsburg Community School District,
Lake City Area School District,
Lake Fenton Community Schools,
Lake Linden-Hubbell School District,
Lake Orion Community Schools,
Lake Shore Public Schools,
Lakeshore School District,
Lakeview Community Schools,
Lakeview Public Schools,
Lakeview School District,
Lakeville Community Schools,
Lakewood Public Schools,
Lamphere Public Schools,
Lansing Public School District,
Lapeer Community Schools,
Lawrence Public School District,
Lawton Community School District,
Leland Public School District,
Les Cheneaux Community Schools,
Leslie Public Schools,
Lincoln Consolidated School District,
Lincoln Park Public Schools,
Linden Community Schools,
Litchfield Community Schools,
Livonia Public Schools,
Lowell Area Schools,
Ludington Area School District,
Mackinac Island Public Schools,
Mackinaw City Public Schools,
Madison Public Schools,
Madison School District,
Mancelona Public Schools,
Manchester Community Schools,
Manistee Area Schools,
Manistique Area Schools,
Manton Consolidated Schools,
Maple Valley Schools,
Marcellus Community Schools,
Marion Public Schools,
Marlette Community Schools,
Marquette Area Public Schools,not found
Marshall Public Schools,
Martin Public Schools,
Marysville Public Schools,
Mason Consolidated Schools,
Mason County Central Schools,
Mason County Eastern Schools,
Mason Public Schools,
Mattawan Consolidated School,
Mayville Community School District,
McBain Rural Agricultural Schools,
Melvindale-North Allen Park School District,
Memphis Community Schools,
Mendon Community School District,
Menominee Area Public Schools,
Meridian Public Schools,
Merrill Community Schools,
Mesick Consolidated Schools,
Michigan Center School District,
Mid Peninsula School District,
Midland Public Schools,
Milan Area Schools,
Millington Community Schools,
Mio-AuSable Schools,
Mona Shores Public School District,
Monroe Public Schools,
Montabella Community Schools,
Montague Area Public Schools,
Montrose Community Schools,
Morenci Area Schools,
Morley Stanwood Community Schools,
Morrice Area Schools,
Mount Clemens Community School District,
Mount Morris Consolidated School District,
Mount Pleasant City School District,
Munising Public Schools,
Muskegon City School District,
Muskegon Heights School District,
N.I.C.E. Community Schools,
Napoleon Community Schools,
Negaunee Public Schools,
New Buffalo Area School District,
New Haven Community Schools,
New Lothrop Area Public School,
Newaygo Public School District,
Niles Community School District,
North Adams-Jerome Schools,
North Branch Area Schools,
North Central Area Schools,
North Dickinson County Schools,
North Huron School District,
North Muskegon Public Schools,
Northport Public School District,
Northview Public School District,
Northville Public Schools,
Northwest School District,
Norway-Vulcan Area Schools,
Novi Community School District,
Oak Park City School District,
Oakridge Public Schools,
Okemos Public Schools,
Olivet Community Schools,
Onaway Area Community School District,
Onekama Consolidated Schools,
Onsted Community Schools,
Ontonagon Area Schools,
Orchard View Schools,
Oscoda Area Schools,
Otsego Public Schools,
Ovid-Elsie Area Schools,
Owendale-Gagetown Area Schools,
Owosso Public Schools,
Oxford Area Community Schools,
Parchment School District,
Paw Paw Public School District,
Peck Community School District,
Pellston Public Schools,
Pennfield School District,
Pentwater Public School District,
Perry Public School District,
Petoskey Public Schools,
Pewamo-Westphalia Community School District,
Pickford Public Schools,
Pinckney Community Schools,
Pinconning Area Schools,
Pine River Area Schools,
Pittsford Area Schools,
Plainwell Community Schools,
Plymouth-Canton Community Schools,
Pontiac City School District,
Port Hope Community Schools,
Port Huron Area School District,
Portage Public Schools,
Portland Public School District,
Posen Consolidated School District,
Potterville Public Schools,
Quincy Community School District,
Rapid River Public Schools,
Ravenna Public Schools,
Reading Community Schools,
Redford Union School District,
Reed City Area Public Schools,
Reese Public Schools,
Reeths-Puffer Schools,
Republic-Michigamme Schools,
Richmond Community Schools,
River Rouge School District,
River Valley School District,
Riverview Community School District,
Rochester Community School District,
Rockford Public Schools,
Rogers City Area Schools,
Romeo Community Schools,
Romulus Community Schools,
Roseville Community Schools,
Royal Oak City School District,
Rudyard Area Schools,
Saginaw City School District,
Saginaw Township Community Schools,
Saline Area Schools,
Sand Creek Community Schools,
Sandusky Community School District,
Saranac Community Schools,
Saugatuck Public Schools,
Sault Ste. Marie Area Schools,
School District Not Defined,
Schoolcraft Community Schools,
Shelby Public Schools,
Shepherd Public School District,
South Haven Public Schools,
South Lake Schools,
South Lyon Community Schools,
South Redford School District,
Southfield Public School District,
Southgate Community School District,
Sparta Area Schools,
Spring Lake Public Schools,
Springport Public Schools,
St. Charles Community Schools,
St. Ignace Area Schools,not found
St. Johns Public Schools,
St. Joseph Public Schools,
St. Louis Public Schools,
Standish-Sterling Community School District,
Stephenson Area Public Schools,
Stockbridge Community Schools,
Sturgis Public Schools,
Summerfield School District,
Superior Central Schools,
Suttons Bay Public Schools,
Swan Valley School District,
Swartz Creek Community Schools,
Tahquamenon Area Schools,
Tawas Area Schools,
Taylor School District,
Tecumseh Public Schools,
Tekonsha Community Schools,
Thornapple Kellogg School District,
Three Rivers Community Schools,
Traverse City Area Public Schools,
Trenton Public Schools,
Tri County Area Schools,
Troy School District,
Ubly Community Schools,
Union City Community Schools,
Unionville-Sebewaing Area School District,
Utica Community Schools,
Van Buren Public Schools,
Van Dyke Public Schools,
Vanderbilt Area Schools,
Vandercook Lake Public Schools,
Vassar Public Schools,
Vestaburg Community Schools,
Vicksburg Community Schools,
Wakefield-Marenisco School District,
Waldron Area Schools,
Walkerville Rural Community School District,
Walled Lake Consolidated Schools,
Warren Consolidated Schools,
Warren Woods Public Schools,
Waterford School District,
Watersmeet Township School District,
Watervliet School District,
Waverly Community Schools,
Wayland Union Schools,
Wayne-Westland Community School District,@WWCSD
Webberville Community Schools,
West Bloomfield School District,
West Branch-Rose City Area Schools,
West Iron County Public Schools,
West Ottawa Public School District,
Western School District,
Westwood Community Schools,
Westwood Heights Schools,
White Cloud Public Schools,
White Pigeon Community Schools,
Whitefish Township Schools,
Whiteford Agricultural School District,
Whitehall School District,
Whitmore Lake Public Schools,
Whittemore-Prescott Area Schools,
Williamston Community Schools,
Willow Run Community Schools,
Wolverine Community Schools,
Woodhaven-Brownstown School District,
Wyandotte City School District,
Wyoming Public Schools,
Yale Public Schools,
Ypsilanti School District,
Zeeland Public Schools,